event_id	group	sample_id	k	N	age
HsaEX0000000	Brain - Cortex	SAMPLE-Brain-Cortex-0000	131	154	71.1
HsaEX0000000	Brain - Cortex	SAMPLE-Brain-Cortex-0001	17	22	28.3
HsaEX0000000	Brain - Cortex	SAMPLE-Brain-Cortex-0002	187	282	49.3
HsaEX0000000	Brain - Cortex	SAMPLE-Brain-Cortex-0003	89	136	44.1
HsaEX0000000	Brain - Cortex	SAMPLE-Brain-Cortex-0004	79	81	80.2
HsaEX0000000	Brain - Cortex	SAMPLE-Brain-Cortex-0005	26	43	61.9
HsaEX0000000	Brain - Cortex	SAMPLE-Brain-Cortex-0006	272	294	73.5
HsaEX0000000	Brain - Cortex	SAMPLE-Brain-Cortex-0007	50	72	48.8
HsaEX0000000	Brain - Cortex	SAMPLE-Brain-Cortex-0008	90	128	34.8
HsaEX0000000	Brain - Cortex	SAMPLE-Brain-Cortex-0009	75	127	56.0
HsaEX0000000	Brain - Cortex	SAMPLE-Brain-Cortex-0010	101	186	24.1
HsaEX0000000	Brain - Cortex	SAMPLE-Brain-Cortex-0011	90	114	73.8
HsaEX0000000	Brain - Cortex	SAMPLE-Brain-Cortex-0012	16	46	61.1
HsaEX0000000	Brain - Cortex	SAMPLE-Brain-Cortex-0013	95	142	69.3
HsaEX0000000	Brain - Cortex	SAMPLE-Brain-Cortex-0014	176	238	43.0
HsaEX0000000	Brain - Cortex	SAMPLE-Brain-Cortex-0015	19	22	83.1
HsaEX0000000	Brain - Cortex	SAMPLE-Brain-Cortex-0016	17	53	78.1
HsaEX0000000	Brain - Cortex	SAMPLE-Brain-Cortex-0017	286	287	70.6
HsaEX0000000	Brain - Cortex	SAMPLE-Brain-Cortex-0018	51	168	32.7
HsaEX0000000	Brain - Cortex	SAMPLE-Brain-Cortex-0019	58	160	50.3
HsaEX0000000	Lung	SAMPLE-Lung-0000	63	146	22.4
HsaEX0000000	Lung	SAMPLE-Lung-0001	15	101	56.1
HsaEX0000000	Lung	SAMPLE-Lung-0002	119	226	44.1
HsaEX0000000	Lung	SAMPLE-Lung-0003	50	61	73.9
HsaEX0000000	Lung	SAMPLE-Lung-0004	76	95	72.5
HsaEX0000000	Lung	SAMPLE-Lung-0005	73	156	40.6
HsaEX0000000	Lung	SAMPLE-Lung-0006	99	100	81.9
HsaEX0000000	Lung	SAMPLE-Lung-0007	111	287	38.9
HsaEX0000000	Lung	SAMPLE-Lung-0008	157	193	53.5
HsaEX0000000	Lung	SAMPLE-Lung-0009	44	237	36.6
HsaEX0000000	Lung	SAMPLE-Lung-0010	22	42	80.8
HsaEX0000000	Lung	SAMPLE-Lung-0011	178	199	30.7
HsaEX0000000	Lung	SAMPLE-Lung-0012	16	65	22.9
HsaEX0000000	Lung	SAMPLE-Lung-0013	156	249	48.3
HsaEX0000000	Lung	SAMPLE-Lung-0014	122	134	84.5
HsaEX0000000	Lung	SAMPLE-Lung-0015	158	181	78.0
HsaEX0000000	Lung	SAMPLE-Lung-0016	189	196	68.7
HsaEX0000000	Lung	SAMPLE-Lung-0017	90	175	77.9
HsaEX0000000	Lung	SAMPLE-Lung-0018	168	178	78.1
HsaEX0000000	Lung	SAMPLE-Lung-0019	193	236	53.7
HsaEX0000000	Heart - Left Ventricle	SAMPLE-Heart-LeftVentricle-0000	69	183	35.1
HsaEX0000000	Heart - Left Ventricle	SAMPLE-Heart-LeftVentricle-0001	130	211	43.9
HsaEX0000000	Heart - Left Ventricle	SAMPLE-Heart-LeftVentricle-0002	147	219	43.8
HsaEX0000000	Heart - Left Ventricle	SAMPLE-Heart-LeftVentricle-0003	103	181	41.3
HsaEX0000000	Heart - Left Ventricle	SAMPLE-Heart-LeftVentricle-0004	168	219	44.7
HsaEX0000000	Heart - Left Ventricle	SAMPLE-Heart-LeftVentricle-0005	32	35	64.6
HsaEX0000000	Heart - Left Ventricle	SAMPLE-Heart-LeftVentricle-0006	206	288	39.3
HsaEX0000000	Heart - Left Ventricle	SAMPLE-Heart-LeftVentricle-0007	32	52	81.7
HsaEX0000000	Heart - Left Ventricle	SAMPLE-Heart-LeftVentricle-0008	27	88	79.6
HsaEX0000000	Heart - Left Ventricle	SAMPLE-Heart-LeftVentricle-0009	194	256	51.3
HsaEX0000000	Heart - Left Ventricle	SAMPLE-Heart-LeftVentricle-0010	125	224	41.3
HsaEX0000000	Heart - Left Ventricle	SAMPLE-Heart-LeftVentricle-0011	183	236	54.8
HsaEX0000000	Heart - Left Ventricle	SAMPLE-Heart-LeftVentricle-0012	11	14	75.2
HsaEX0000000	Heart - Left Ventricle	SAMPLE-Heart-LeftVentricle-0013	265	274	62.4
HsaEX0000000	Heart - Left Ventricle	SAMPLE-Heart-LeftVentricle-0014	136	290	72.3
HsaEX0000000	Heart - Left Ventricle	SAMPLE-Heart-LeftVentricle-0015	177	279	54.6
HsaEX0000000	Heart - Left Ventricle	SAMPLE-Heart-LeftVentricle-0016	4	25	61.1
HsaEX0000000	Heart - Left Ventricle	SAMPLE-Heart-LeftVentricle-0017	25	65	38.7
HsaEX0000000	Heart - Left Ventricle	SAMPLE-Heart-LeftVentricle-0018	87	117	67.8
HsaEX0000000	Heart - Left Ventricle	SAMPLE-Heart-LeftVentricle-0019	16	36	33.2
HsaEX0000000	Liver	SAMPLE-Liver-0000	25	52	81.1
HsaEX0000000	Liver	SAMPLE-Liver-0001	40	75	29.6
HsaEX0000000	Liver	SAMPLE-Liver-0002	100	160	53.0
HsaEX0000000	Liver	SAMPLE-Liver-0003	183	252	46.3
HsaEX0000000	Liver	SAMPLE-Liver-0004	40	215	50.8
HsaEX0000000	Liver	SAMPLE-Liver-0005	11	54	27.7
HsaEX0000000	Liver	SAMPLE-Liver-0006	112	229	28.7
HsaEX0000000	Liver	SAMPLE-Liver-0007	93	162	38.1
HsaEX0000000	Liver	SAMPLE-Liver-0008	20	21	39.8
HsaEX0000000	Liver	SAMPLE-Liver-0009	48	135	47.8
HsaEX0000000	Liver	SAMPLE-Liver-0010	45	87	59.7
HsaEX0000000	Liver	SAMPLE-Liver-0011	29	80	61.3
HsaEX0000000	Liver	SAMPLE-Liver-0012	134	164	46.8
HsaEX0000000	Liver	SAMPLE-Liver-0013	110	232	46.6
HsaEX0000000	Liver	SAMPLE-Liver-0014	74	192	34.1
HsaEX0000000	Liver	SAMPLE-Liver-0015	124	192	58.2
HsaEX0000000	Liver	SAMPLE-Liver-0016	118	143	40.6
HsaEX0000000	Liver	SAMPLE-Liver-0017	191	261	22.3
HsaEX0000000	Liver	SAMPLE-Liver-0018	151	263	47.2
HsaEX0000000	Liver	SAMPLE-Liver-0019	122	295	50.8
HsaEX0000001	Brain - Cortex	SAMPLE-Brain-Cortex-0000	205	261	23.2
HsaEX0000001	Brain - Cortex	SAMPLE-Brain-Cortex-0001	52	64	35.2
HsaEX0000001	Brain - Cortex	SAMPLE-Brain-Cortex-0002	81	153	60.4
HsaEX0000001	Brain - Cortex	SAMPLE-Brain-Cortex-0003	92	275	75.8
HsaEX0000001	Brain - Cortex	SAMPLE-Brain-Cortex-0004	110	155	20.3
HsaEX0000001	Brain - Cortex	SAMPLE-Brain-Cortex-0005	26	166	53.5
HsaEX0000001	Brain - Cortex	SAMPLE-Brain-Cortex-0006	60	96	64.0
HsaEX0000001	Brain - Cortex	SAMPLE-Brain-Cortex-0007	76	103	21.9
HsaEX0000001	Brain - Cortex	SAMPLE-Brain-Cortex-0008	41	102	46.1
HsaEX0000001	Brain - Cortex	SAMPLE-Brain-Cortex-0009	32	39	78.2
HsaEX0000001	Brain - Cortex	SAMPLE-Brain-Cortex-0010	74	86	63.7
HsaEX0000001	Brain - Cortex	SAMPLE-Brain-Cortex-0011	69	159	35.4
HsaEX0000001	Brain - Cortex	SAMPLE-Brain-Cortex-0012	43	94	75.4
HsaEX0000001	Brain - Cortex	SAMPLE-Brain-Cortex-0013	25	42	42.6
HsaEX0000001	Brain - Cortex	SAMPLE-Brain-Cortex-0014	99	275	75.5
HsaEX0000001	Brain - Cortex	SAMPLE-Brain-Cortex-0015	78	149	39.4
HsaEX0000001	Brain - Cortex	SAMPLE-Brain-Cortex-0016	11	54	58.4
HsaEX0000001	Brain - Cortex	SAMPLE-Brain-Cortex-0017	18	42	45.8
HsaEX0000001	Brain - Cortex	SAMPLE-Brain-Cortex-0018	204	298	37.9
HsaEX0000001	Brain - Cortex	SAMPLE-Brain-Cortex-0019	126	258	77.6
HsaEX0000001	Lung	SAMPLE-Lung-0000	19	36	21.2
HsaEX0000001	Lung	SAMPLE-Lung-0001	216	265	30.8
HsaEX0000001	Lung	SAMPLE-Lung-0002	199	255	67.1
HsaEX0000001	Lung	SAMPLE-Lung-0003	136	263	66.0
HsaEX0000001	Lung	SAMPLE-Lung-0004	34	56	68.0
HsaEX0000001	Lung	SAMPLE-Lung-0005	167	207	40.6
HsaEX0000001	Lung	SAMPLE-Lung-0006	81	259	77.9
HsaEX0000001	Lung	SAMPLE-Lung-0007	204	241	58.6
HsaEX0000001	Lung	SAMPLE-Lung-0008	98	156	28.2
HsaEX0000001	Lung	SAMPLE-Lung-0009	66	145	29.3
HsaEX0000001	Lung	SAMPLE-Lung-0010	155	292	65.1
HsaEX0000001	Lung	SAMPLE-Lung-0011	52	63	31.2
HsaEX0000001	Lung	SAMPLE-Lung-0012	44	100	53.0
HsaEX0000001	Lung	SAMPLE-Lung-0013	194	231	84.5
HsaEX0000001	Lung	SAMPLE-Lung-0014	21	33	20.3
HsaEX0000001	Lung	SAMPLE-Lung-0015	26	83	21.1
HsaEX0000001	Lung	SAMPLE-Lung-0016	165	184	84.6
HsaEX0000001	Lung	SAMPLE-Lung-0017	123	283	58.0
HsaEX0000001	Lung	SAMPLE-Lung-0018	109	165	28.2
HsaEX0000001	Lung	SAMPLE-Lung-0019	63	163	78.3
HsaEX0000001	Heart - Left Ventricle	SAMPLE-Heart-LeftVentricle-0000	14	25	22.0
HsaEX0000001	Heart - Left Ventricle	SAMPLE-Heart-LeftVentricle-0001	127	227	27.7
HsaEX0000001	Heart - Left Ventricle	SAMPLE-Heart-LeftVentricle-0002	60	135	79.6
HsaEX0000001	Heart - Left Ventricle	SAMPLE-Heart-LeftVentricle-0003	10	54	40.9
HsaEX0000001	Heart - Left Ventricle	SAMPLE-Heart-LeftVentricle-0004	163	296	59.5
HsaEX0000001	Heart - Left Ventricle	SAMPLE-Heart-LeftVentricle-0005	77	140	50.2
HsaEX0000001	Heart - Left Ventricle	SAMPLE-Heart-LeftVentricle-0006	65	126	46.0
HsaEX0000001	Heart - Left Ventricle	SAMPLE-Heart-LeftVentricle-0007	49	109	54.6
HsaEX0000001	Heart - Left Ventricle	SAMPLE-Heart-LeftVentricle-0008	33	59	32.2
HsaEX0000001	Heart - Left Ventricle	SAMPLE-Heart-LeftVentricle-0009	41	47	84.3
HsaEX0000001	Heart - Left Ventricle	SAMPLE-Heart-LeftVentricle-0010	22	28	73.2
HsaEX0000001	Heart - Left Ventricle	SAMPLE-Heart-LeftVentricle-0011	67	102	68.2
HsaEX0000001	Heart - Left Ventricle	SAMPLE-Heart-LeftVentricle-0012	170	286	50.5
HsaEX0000001	Heart - Left Ventricle	SAMPLE-Heart-LeftVentricle-0013	151	277	29.9
HsaEX0000001	Heart - Left Ventricle	SAMPLE-Heart-LeftVentricle-0014	143	200	79.8
HsaEX0000001	Heart - Left Ventricle	SAMPLE-Heart-LeftVentricle-0015	166	246	42.2
HsaEX0000001	Heart - Left Ventricle	SAMPLE-Heart-LeftVentricle-0016	66	126	23.3
HsaEX0000001	Heart - Left Ventricle	SAMPLE-Heart-LeftVentricle-0017	145	189	42.3
HsaEX0000001	Heart - Left Ventricle	SAMPLE-Heart-LeftVentricle-0018	88	156	71.6
HsaEX0000001	Heart - Left Ventricle	SAMPLE-Heart-LeftVentricle-0019	96	170	60.5
HsaEX0000001	Liver	SAMPLE-Liver-0000	192	226	74.1
HsaEX0000001	Liver	SAMPLE-Liver-0001	164	248	73.4
HsaEX0000001	Liver	SAMPLE-Liver-0002	102	191	47.1
HsaEX0000001	Liver	SAMPLE-Liver-0003	43	70	40.9
HsaEX0000001	Liver	SAMPLE-Liver-0004	53	63	68.7
HsaEX0000001	Liver	SAMPLE-Liver-0005	175	263	72.1
HsaEX0000001	Liver	SAMPLE-Liver-0006	129	279	51.9
HsaEX0000001	Liver	SAMPLE-Liver-0007	92	184	78.0
HsaEX0000001	Liver	SAMPLE-Liver-0008	5	12	29.4
HsaEX0000001	Liver	SAMPLE-Liver-0009	40	71	77.1
HsaEX0000001	Liver	SAMPLE-Liver-0010	29	40	26.2
HsaEX0000001	Liver	SAMPLE-Liver-0011	52	132	30.0
HsaEX0000001	Liver	SAMPLE-Liver-0012	6	19	54.7
HsaEX0000001	Liver	SAMPLE-Liver-0013	150	279	24.4
HsaEX0000001	Liver	SAMPLE-Liver-0014	99	145	23.4
HsaEX0000001	Liver	SAMPLE-Liver-0015	141	285	20.0
HsaEX0000001	Liver	SAMPLE-Liver-0016	114	137	48.4
HsaEX0000001	Liver	SAMPLE-Liver-0017	99	135	70.4
HsaEX0000001	Liver	SAMPLE-Liver-0018	87	164	22.3
HsaEX0000001	Liver	SAMPLE-Liver-0019	16	37	62.4
HsaEX0000002	Brain - Cortex	SAMPLE-Brain-Cortex-0000	231	280	21.7
HsaEX0000002	Brain - Cortex	SAMPLE-Brain-Cortex-0001	21	182	68.3
HsaEX0000002	Brain - Cortex	SAMPLE-Brain-Cortex-0002	23	47	75.4
HsaEX0000002	Brain - Cortex	SAMPLE-Brain-Cortex-0003	33	44	52.3
HsaEX0000002	Brain - Cortex	SAMPLE-Brain-Cortex-0004	99	191	50.3
HsaEX0000002	Brain - Cortex	SAMPLE-Brain-Cortex-0005	122	203	20.4
HsaEX0000002	Brain - Cortex	SAMPLE-Brain-Cortex-0006	47	75	71.1
HsaEX0000002	Brain - Cortex	SAMPLE-Brain-Cortex-0007	74	244	41.5
HsaEX0000002	Brain - Cortex	SAMPLE-Brain-Cortex-0008	79	168	77.1
HsaEX0000002	Brain - Cortex	SAMPLE-Brain-Cortex-0009	69	97	44.2
HsaEX0000002	Brain - Cortex	SAMPLE-Brain-Cortex-0010	150	215	56.7
HsaEX0000002	Brain - Cortex	SAMPLE-Brain-Cortex-0011	33	125	37.6
HsaEX0000002	Brain - Cortex	SAMPLE-Brain-Cortex-0012	23	46	30.4
HsaEX0000002	Brain - Cortex	SAMPLE-Brain-Cortex-0013	119	293	70.4
HsaEX0000002	Brain - Cortex	SAMPLE-Brain-Cortex-0014	52	260	52.3
HsaEX0000002	Brain - Cortex	SAMPLE-Brain-Cortex-0015	55	122	54.9
HsaEX0000002	Brain - Cortex	SAMPLE-Brain-Cortex-0016	181	247	82.8
HsaEX0000002	Brain - Cortex	SAMPLE-Brain-Cortex-0017	30	73	82.6
HsaEX0000002	Brain - Cortex	SAMPLE-Brain-Cortex-0018	88	201	75.6
HsaEX0000002	Brain - Cortex	SAMPLE-Brain-Cortex-0019	52	191	32.2
HsaEX0000002	Lung	SAMPLE-Lung-0000	26	79	40.8
HsaEX0000002	Lung	SAMPLE-Lung-0001	32	76	62.5
HsaEX0000002	Lung	SAMPLE-Lung-0002	150	271	63.7
HsaEX0000002	Lung	SAMPLE-Lung-0003	66	134	48.3
HsaEX0000002	Lung	SAMPLE-Lung-0004	111	183	34.9
HsaEX0000002	Lung	SAMPLE-Lung-0005	170	226	66.9
HsaEX0000002	Lung	SAMPLE-Lung-0006	41	64	31.0
HsaEX0000002	Lung	SAMPLE-Lung-0007	173	266	80.9
HsaEX0000002	Lung	SAMPLE-Lung-0008	38	79	32.2
HsaEX0000002	Lung	SAMPLE-Lung-0009	118	236	27.0
HsaEX0000002	Lung	SAMPLE-Lung-0010	9	14	52.3
HsaEX0000002	Lung	SAMPLE-Lung-0011	100	137	53.8
HsaEX0000002	Lung	SAMPLE-Lung-0012	38	216	53.0
HsaEX0000002	Lung	SAMPLE-Lung-0013	8	14	48.4
HsaEX0000002	Lung	SAMPLE-Lung-0014	20	56	84.7
HsaEX0000002	Lung	SAMPLE-Lung-0015	30	101	51.6
HsaEX0000002	Lung	SAMPLE-Lung-0016	102	232	51.1
HsaEX0000002	Lung	SAMPLE-Lung-0017	68	126	47.4
HsaEX0000002	Lung	SAMPLE-Lung-0018	77	109	24.3
HsaEX0000002	Lung	SAMPLE-Lung-0019	68	289	58.5
HsaEX0000002	Heart - Left Ventricle	SAMPLE-Heart-LeftVentricle-0000	23	47	25.8
HsaEX0000002	Heart - Left Ventricle	SAMPLE-Heart-LeftVentricle-0001	29	68	45.7
HsaEX0000002	Heart - Left Ventricle	SAMPLE-Heart-LeftVentricle-0002	119	158	68.6
HsaEX0000002	Heart - Left Ventricle	SAMPLE-Heart-LeftVentricle-0003	62	126	44.2
HsaEX0000002	Heart - Left Ventricle	SAMPLE-Heart-LeftVentricle-0004	120	161	32.3
HsaEX0000002	Heart - Left Ventricle	SAMPLE-Heart-LeftVentricle-0005	12	24	32.7
HsaEX0000002	Heart - Left Ventricle	SAMPLE-Heart-LeftVentricle-0006	183	295	46.7
HsaEX0000002	Heart - Left Ventricle	SAMPLE-Heart-LeftVentricle-0007	135	225	51.2
HsaEX0000002	Heart - Left Ventricle	SAMPLE-Heart-LeftVentricle-0008	146	234	76.0
HsaEX0000002	Heart - Left Ventricle	SAMPLE-Heart-LeftVentricle-0009	150	223	61.7
HsaEX0000002	Heart - Left Ventricle	SAMPLE-Heart-LeftVentricle-0010	37	74	64.9
HsaEX0000002	Heart - Left Ventricle	SAMPLE-Heart-LeftVentricle-0011	20	37	83.9
HsaEX0000002	Heart - Left Ventricle	SAMPLE-Heart-LeftVentricle-0012	61	95	46.8
HsaEX0000002	Heart - Left Ventricle	SAMPLE-Heart-LeftVentricle-0013	82	200	46.2
HsaEX0000002	Heart - Left Ventricle	SAMPLE-Heart-LeftVentricle-0014	54	166	80.0
HsaEX0000002	Heart - Left Ventricle	SAMPLE-Heart-LeftVentricle-0015	47	84	36.0
HsaEX0000002	Heart - Left Ventricle	SAMPLE-Heart-LeftVentricle-0016	18	47	67.4
HsaEX0000002	Heart - Left Ventricle	SAMPLE-Heart-LeftVentricle-0017	18	50	69.0
HsaEX0000002	Heart - Left Ventricle	SAMPLE-Heart-LeftVentricle-0018	19	35	26.4
HsaEX0000002	Heart - Left Ventricle	SAMPLE-Heart-LeftVentricle-0019	16	31	50.4
HsaEX0000002	Liver	SAMPLE-Liver-0000	68	139	31.0
HsaEX0000002	Liver	SAMPLE-Liver-0001	103	186	71.8
HsaEX0000002	Liver	SAMPLE-Liver-0002	107	233	36.9
HsaEX0000002	Liver	SAMPLE-Liver-0003	42	78	30.0
HsaEX0000002	Liver	SAMPLE-Liver-0004	59	128	36.0
HsaEX0000002	Liver	SAMPLE-Liver-0005	46	159	74.7
HsaEX0000002	Liver	SAMPLE-Liver-0006	37	72	41.5
HsaEX0000002	Liver	SAMPLE-Liver-0007	140	175	64.6
HsaEX0000002	Liver	SAMPLE-Liver-0008	128	244	75.7
HsaEX0000002	Liver	SAMPLE-Liver-0009	14	74	25.1
HsaEX0000002	Liver	SAMPLE-Liver-0010	52	75	69.7
HsaEX0000002	Liver	SAMPLE-Liver-0011	46	97	40.0
HsaEX0000002	Liver	SAMPLE-Liver-0012	87	244	34.1
HsaEX0000002	Liver	SAMPLE-Liver-0013	63	106	64.8
HsaEX0000002	Liver	SAMPLE-Liver-0014	179	268	79.1
HsaEX0000002	Liver	SAMPLE-Liver-0015	38	89	39.2
HsaEX0000002	Liver	SAMPLE-Liver-0016	80	182	57.0
HsaEX0000002	Liver	SAMPLE-Liver-0017	111	272	38.8
HsaEX0000002	Liver	SAMPLE-Liver-0018	77	149	56.0
HsaEX0000002	Liver	SAMPLE-Liver-0019	67	216	60.4
HsaEX0000003	Brain - Cortex	SAMPLE-Brain-Cortex-0000	157	279	20.8
HsaEX0000003	Brain - Cortex	SAMPLE-Brain-Cortex-0001	144	291	69.6
HsaEX0000003	Brain - Cortex	SAMPLE-Brain-Cortex-0002	70	181	83.1
HsaEX0000003	Brain - Cortex	SAMPLE-Brain-Cortex-0003	85	189	78.9
HsaEX0000003	Brain - Cortex	SAMPLE-Brain-Cortex-0004	82	158	83.1
HsaEX0000003	Brain - Cortex	SAMPLE-Brain-Cortex-0005	65	107	55.8
HsaEX0000003	Brain - Cortex	SAMPLE-Brain-Cortex-0006	38	48	25.1
HsaEX0000003	Brain - Cortex	SAMPLE-Brain-Cortex-0007	7	23	75.2
HsaEX0000003	Brain - Cortex	SAMPLE-Brain-Cortex-0008	111	230	59.9
HsaEX0000003	Brain - Cortex	SAMPLE-Brain-Cortex-0009	24	41	60.0
HsaEX0000003	Brain - Cortex	SAMPLE-Brain-Cortex-0010	99	257	47.1
HsaEX0000003	Brain - Cortex	SAMPLE-Brain-Cortex-0011	44	132	57.2
HsaEX0000003	Brain - Cortex	SAMPLE-Brain-Cortex-0012	20	36	30.0
HsaEX0000003	Brain - Cortex	SAMPLE-Brain-Cortex-0013	195	296	68.1
HsaEX0000003	Brain - Cortex	SAMPLE-Brain-Cortex-0014	19	23	24.9
HsaEX0000003	Brain - Cortex	SAMPLE-Brain-Cortex-0015	21	36	67.4
HsaEX0000003	Brain - Cortex	SAMPLE-Brain-Cortex-0016	112	260	75.2
HsaEX0000003	Brain - Cortex	SAMPLE-Brain-Cortex-0017	66	123	50.7
HsaEX0000003	Brain - Cortex	SAMPLE-Brain-Cortex-0018	106	126	53.1
HsaEX0000003	Brain - Cortex	SAMPLE-Brain-Cortex-0019	90	111	40.3
HsaEX0000003	Lung	SAMPLE-Lung-0000	50	107	68.6
HsaEX0000003	Lung	SAMPLE-Lung-0001	69	89	28.5
HsaEX0000003	Lung	SAMPLE-Lung-0002	62	111	72.5
HsaEX0000003	Lung	SAMPLE-Lung-0003	148	279	80.9
HsaEX0000003	Lung	SAMPLE-Lung-0004	169	293	59.4
HsaEX0000003	Lung	SAMPLE-Lung-0005	50	130	66.2
HsaEX0000003	Lung	SAMPLE-Lung-0006	48	145	66.4
HsaEX0000003	Lung	SAMPLE-Lung-0007	25	84	84.5
HsaEX0000003	Lung	SAMPLE-Lung-0008	153	278	42.2
HsaEX0000003	Lung	SAMPLE-Lung-0009	86	162	30.6
HsaEX0000003	Lung	SAMPLE-Lung-0010	12	30	53.7
HsaEX0000003	Lung	SAMPLE-Lung-0011	126	202	54.7
HsaEX0000003	Lung	SAMPLE-Lung-0012	173	231	31.6
HsaEX0000003	Lung	SAMPLE-Lung-0013	73	142	59.9
HsaEX0000003	Lung	SAMPLE-Lung-0014	101	169	20.9
HsaEX0000003	Lung	SAMPLE-Lung-0015	140	270	80.3
HsaEX0000003	Lung	SAMPLE-Lung-0016	134	252	37.2
HsaEX0000003	Lung	SAMPLE-Lung-0017	22	27	22.6
HsaEX0000003	Lung	SAMPLE-Lung-0018	84	94	27.0
HsaEX0000003	Lung	SAMPLE-Lung-0019	83	180	35.6
HsaEX0000003	Heart - Left Ventricle	SAMPLE-Heart-LeftVentricle-0000	70	216	53.0
HsaEX0000003	Heart - Left Ventricle	SAMPLE-Heart-LeftVentricle-0001	173	231	67.0
HsaEX0000003	Heart - Left Ventricle	SAMPLE-Heart-LeftVentricle-0002	203	296	76.5
HsaEX0000003	Heart - Left Ventricle	SAMPLE-Heart-LeftVentricle-0003	138	285	60.9
HsaEX0000003	Heart - Left Ventricle	SAMPLE-Heart-LeftVentricle-0004	5	10	59.8
HsaEX0000003	Heart - Left Ventricle	SAMPLE-Heart-LeftVentricle-0005	40	62	69.0
HsaEX0000003	Heart - Left Ventricle	SAMPLE-Heart-LeftVentricle-0006	6	94	74.8
HsaEX0000003	Heart - Left Ventricle	SAMPLE-Heart-LeftVentricle-0007	38	86	76.5
HsaEX0000003	Heart - Left Ventricle	SAMPLE-Heart-LeftVentricle-0008	94	104	22.4
HsaEX0000003	Heart - Left Ventricle	SAMPLE-Heart-LeftVentricle-0009	52	59	56.2
HsaEX0000003	Heart - Left Ventricle	SAMPLE-Heart-LeftVentricle-0010	62	167	34.1
HsaEX0000003	Heart - Left Ventricle	SAMPLE-Heart-LeftVentricle-0011	135	257	75.9
HsaEX0000003	Heart - Left Ventricle	SAMPLE-Heart-LeftVentricle-0012	8	27	62.1
HsaEX0000003	Heart - Left Ventricle	SAMPLE-Heart-LeftVentricle-0013	80	116	47.3
HsaEX0000003	Heart - Left Ventricle	SAMPLE-Heart-LeftVentricle-0014	168	290	32.2
HsaEX0000003	Heart - Left Ventricle	SAMPLE-Heart-LeftVentricle-0015	193	255	42.0
HsaEX0000003	Heart - Left Ventricle	SAMPLE-Heart-LeftVentricle-0016	24	67	65.7
HsaEX0000003	Heart - Left Ventricle	SAMPLE-Heart-LeftVentricle-0017	213	297	33.3
HsaEX0000003	Heart - Left Ventricle	SAMPLE-Heart-LeftVentricle-0018	141	226	26.1
HsaEX0000003	Heart - Left Ventricle	SAMPLE-Heart-LeftVentricle-0019	61	96	77.7
HsaEX0000003	Liver	SAMPLE-Liver-0000	7	11	69.7
HsaEX0000003	Liver	SAMPLE-Liver-0001	50	68	26.3
HsaEX0000003	Liver	SAMPLE-Liver-0002	31	92	78.5
HsaEX0000003	Liver	SAMPLE-Liver-0003	72	239	67.2
HsaEX0000003	Liver	SAMPLE-Liver-0004	93	252	24.5
HsaEX0000003	Liver	SAMPLE-Liver-0005	180	260	65.0
HsaEX0000003	Liver	SAMPLE-Liver-0006	12	20	61.1
HsaEX0000003	Liver	SAMPLE-Liver-0007	53	246	69.2
HsaEX0000003	Liver	SAMPLE-Liver-0008	100	297	73.8
HsaEX0000003	Liver	SAMPLE-Liver-0009	82	170	66.7
HsaEX0000003	Liver	SAMPLE-Liver-0010	33	83	58.1
HsaEX0000003	Liver	SAMPLE-Liver-0011	16	38	41.0
HsaEX0000003	Liver	SAMPLE-Liver-0012	83	135	65.3
HsaEX0000003	Liver	SAMPLE-Liver-0013	37	53	82.2
HsaEX0000003	Liver	SAMPLE-Liver-0014	109	244	58.2
HsaEX0000003	Liver	SAMPLE-Liver-0015	82	157	63.2
HsaEX0000003	Liver	SAMPLE-Liver-0016	166	297	48.4
HsaEX0000003	Liver	SAMPLE-Liver-0017	10	17	69.1
HsaEX0000003	Liver	SAMPLE-Liver-0018	26	119	84.8
HsaEX0000003	Liver	SAMPLE-Liver-0019	12	14	30.4
HsaEX0000004	Brain - Cortex	SAMPLE-Brain-Cortex-0000	60	97	69.9
HsaEX0000004	Brain - Cortex	SAMPLE-Brain-Cortex-0001	177	267	78.1
HsaEX0000004	Brain - Cortex	SAMPLE-Brain-Cortex-0002	91	179	62.4
HsaEX0000004	Brain - Cortex	SAMPLE-Brain-Cortex-0003	178	280	28.1
HsaEX0000004	Brain - Cortex	SAMPLE-Brain-Cortex-0004	65	80	39.2
HsaEX0000004	Brain - Cortex	SAMPLE-Brain-Cortex-0005	82	144	79.4
HsaEX0000004	Brain - Cortex	SAMPLE-Brain-Cortex-0006	26	70	25.8
HsaEX0000004	Brain - Cortex	SAMPLE-Brain-Cortex-0007	110	124	46.4
HsaEX0000004	Brain - Cortex	SAMPLE-Brain-Cortex-0008	122	224	81.3
HsaEX0000004	Brain - Cortex	SAMPLE-Brain-Cortex-0009	134	176	81.8
HsaEX0000004	Brain - Cortex	SAMPLE-Brain-Cortex-0010	124	179	46.7
HsaEX0000004	Brain - Cortex	SAMPLE-Brain-Cortex-0011	211	257	63.4
HsaEX0000004	Brain - Cortex	SAMPLE-Brain-Cortex-0012	117	153	49.7
HsaEX0000004	Brain - Cortex	SAMPLE-Brain-Cortex-0013	101	263	69.0
HsaEX0000004	Brain - Cortex	SAMPLE-Brain-Cortex-0014	162	171	22.1
HsaEX0000004	Brain - Cortex	SAMPLE-Brain-Cortex-0015	113	196	29.4
HsaEX0000004	Brain - Cortex	SAMPLE-Brain-Cortex-0016	68	82	59.9
HsaEX0000004	Brain - Cortex	SAMPLE-Brain-Cortex-0017	70	113	35.1
HsaEX0000004	Brain - Cortex	SAMPLE-Brain-Cortex-0018	115	170	63.3
HsaEX0000004	Brain - Cortex	SAMPLE-Brain-Cortex-0019	59	88	42.8
HsaEX0000004	Lung	SAMPLE-Lung-0000	4	26	52.3
HsaEX0000004	Lung	SAMPLE-Lung-0001	169	253	22.1
HsaEX0000004	Lung	SAMPLE-Lung-0002	56	147	34.6
HsaEX0000004	Lung	SAMPLE-Lung-0003	29	43	67.1
HsaEX0000004	Lung	SAMPLE-Lung-0004	109	163	74.4
HsaEX0000004	Lung	SAMPLE-Lung-0005	170	191	25.3
HsaEX0000004	Lung	SAMPLE-Lung-0006	105	241	77.3
HsaEX0000004	Lung	SAMPLE-Lung-0007	51	63	71.8
HsaEX0000004	Lung	SAMPLE-Lung-0008	179	205	76.5
HsaEX0000004	Lung	SAMPLE-Lung-0009	176	206	65.4
HsaEX0000004	Lung	SAMPLE-Lung-0010	49	68	63.8
HsaEX0000004	Lung	SAMPLE-Lung-0011	155	249	54.1
HsaEX0000004	Lung	SAMPLE-Lung-0012	80	117	62.4
HsaEX0000004	Lung	SAMPLE-Lung-0013	101	180	79.7
HsaEX0000004	Lung	SAMPLE-Lung-0014	217	294	26.5
HsaEX0000004	Lung	SAMPLE-Lung-0015	60	130	40.5
HsaEX0000004	Lung	SAMPLE-Lung-0016	94	135	24.7
HsaEX0000004	Lung	SAMPLE-Lung-0017	34	82	81.4
HsaEX0000004	Lung	SAMPLE-Lung-0018	96	128	48.9
HsaEX0000004	Lung	SAMPLE-Lung-0019	8	17	63.9
HsaEX0000004	Heart - Left Ventricle	SAMPLE-Heart-LeftVentricle-0000	111	185	44.6
HsaEX0000004	Heart - Left Ventricle	SAMPLE-Heart-LeftVentricle-0001	26	27	62.2
HsaEX0000004	Heart - Left Ventricle	SAMPLE-Heart-LeftVentricle-0002	223	275	82.9
HsaEX0000004	Heart - Left Ventricle	SAMPLE-Heart-LeftVentricle-0003	41	80	23.7
HsaEX0000004	Heart - Left Ventricle	SAMPLE-Heart-LeftVentricle-0004	85	145	80.0
HsaEX0000004	Heart - Left Ventricle	SAMPLE-Heart-LeftVentricle-0005	204	274	56.9
HsaEX0000004	Heart - Left Ventricle	SAMPLE-Heart-LeftVentricle-0006	60	108	65.8
HsaEX0000004	Heart - Left Ventricle	SAMPLE-Heart-LeftVentricle-0007	69	102	29.7
HsaEX0000004	Heart - Left Ventricle	SAMPLE-Heart-LeftVentricle-0008	157	250	54.7
HsaEX0000004	Heart - Left Ventricle	SAMPLE-Heart-LeftVentricle-0009	69	90	63.8
HsaEX0000004	Heart - Left Ventricle	SAMPLE-Heart-LeftVentricle-0010	186	275	49.7
HsaEX0000004	Heart - Left Ventricle	SAMPLE-Heart-LeftVentricle-0011	28	169	30.1
HsaEX0000004	Heart - Left Ventricle	SAMPLE-Heart-LeftVentricle-0012	128	164	35.9
HsaEX0000004	Heart - Left Ventricle	SAMPLE-Heart-LeftVentricle-0013	28	42	75.5
HsaEX0000004	Heart - Left Ventricle	SAMPLE-Heart-LeftVentricle-0014	32	111	22.2
HsaEX0000004	Heart - Left Ventricle	SAMPLE-Heart-LeftVentricle-0015	106	225	66.1
HsaEX0000004	Heart - Left Ventricle	SAMPLE-Heart-LeftVentricle-0016	29	53	85.0
HsaEX0000004	Heart - Left Ventricle	SAMPLE-Heart-LeftVentricle-0017	180	295	20.5
HsaEX0000004	Heart - Left Ventricle	SAMPLE-Heart-LeftVentricle-0018	132	207	30.5
HsaEX0000004	Heart - Left Ventricle	SAMPLE-Heart-LeftVentricle-0019	167	276	63.8
HsaEX0000004	Liver	SAMPLE-Liver-0000	84	166	49.0
HsaEX0000004	Liver	SAMPLE-Liver-0001	60	101	46.6
HsaEX0000004	Liver	SAMPLE-Liver-0002	177	214	31.8
HsaEX0000004	Liver	SAMPLE-Liver-0003	170	230	67.6
HsaEX0000004	Liver	SAMPLE-Liver-0004	36	53	49.1
HsaEX0000004	Liver	SAMPLE-Liver-0005	34	56	21.1
HsaEX0000004	Liver	SAMPLE-Liver-0006	60	83	82.7
HsaEX0000004	Liver	SAMPLE-Liver-0007	33	47	73.0
HsaEX0000004	Liver	SAMPLE-Liver-0008	22	30	67.0
HsaEX0000004	Liver	SAMPLE-Liver-0009	208	235	76.5
HsaEX0000004	Liver	SAMPLE-Liver-0010	86	97	78.9
HsaEX0000004	Liver	SAMPLE-Liver-0011	90	112	41.9
HsaEX0000004	Liver	SAMPLE-Liver-0012	19	25	59.7
HsaEX0000004	Liver	SAMPLE-Liver-0013	143	217	59.6
HsaEX0000004	Liver	SAMPLE-Liver-0014	110	224	37.4
HsaEX0000004	Liver	SAMPLE-Liver-0015	53	115	34.4
HsaEX0000004	Liver	SAMPLE-Liver-0016	77	94	27.4
HsaEX0000004	Liver	SAMPLE-Liver-0017	42	66	62.9
HsaEX0000004	Liver	SAMPLE-Liver-0018	48	99	70.8
HsaEX0000004	Liver	SAMPLE-Liver-0019	112	277	69.5
HsaEX0000005	Brain - Cortex	SAMPLE-Brain-Cortex-0000	52	238	65.2
HsaEX0000005	Brain - Cortex	SAMPLE-Brain-Cortex-0001	16	96	29.0
HsaEX0000005	Brain - Cortex	SAMPLE-Brain-Cortex-0002	18	90	72.5
HsaEX0000005	Brain - Cortex	SAMPLE-Brain-Cortex-0003	96	243	64.0
HsaEX0000005	Brain - Cortex	SAMPLE-Brain-Cortex-0004	77	293	32.7
HsaEX0000005	Brain - Cortex	SAMPLE-Brain-Cortex-0005	129	231	62.1
HsaEX0000005	Brain - Cortex	SAMPLE-Brain-Cortex-0006	21	56	51.4
HsaEX0000005	Brain - Cortex	SAMPLE-Brain-Cortex-0007	25	65	48.6
HsaEX0000005	Brain - Cortex	SAMPLE-Brain-Cortex-0008	5	12	27.3
HsaEX0000005	Brain - Cortex	SAMPLE-Brain-Cortex-0009	81	290	53.7
HsaEX0000005	Brain - Cortex	SAMPLE-Brain-Cortex-0010	53	102	26.5
HsaEX0000005	Brain - Cortex	SAMPLE-Brain-Cortex-0011	6	30	30.7
HsaEX0000005	Brain - Cortex	SAMPLE-Brain-Cortex-0012	179	292	28.6
HsaEX0000005	Brain - Cortex	SAMPLE-Brain-Cortex-0013	48	135	82.0
HsaEX0000005	Brain - Cortex	SAMPLE-Brain-Cortex-0014	42	140	38.5
HsaEX0000005	Brain - Cortex	SAMPLE-Brain-Cortex-0015	87	116	43.1
HsaEX0000005	Brain - Cortex	SAMPLE-Brain-Cortex-0016	84	162	40.9
HsaEX0000005	Brain - Cortex	SAMPLE-Brain-Cortex-0017	21	43	78.4
HsaEX0000005	Brain - Cortex	SAMPLE-Brain-Cortex-0018	31	105	56.6
HsaEX0000005	Brain - Cortex	SAMPLE-Brain-Cortex-0019	85	197	79.7
HsaEX0000005	Lung	SAMPLE-Lung-0000	77	137	80.0
HsaEX0000005	Lung	SAMPLE-Lung-0001	40	161	56.2
HsaEX0000005	Lung	SAMPLE-Lung-0002	37	189	33.2
HsaEX0000005	Lung	SAMPLE-Lung-0003	26	77	64.5
HsaEX0000005	Lung	SAMPLE-Lung-0004	7	62	55.7
HsaEX0000005	Lung	SAMPLE-Lung-0005	111	171	81.4
HsaEX0000005	Lung	SAMPLE-Lung-0006	109	265	48.6
HsaEX0000005	Lung	SAMPLE-Lung-0007	40	115	37.5
HsaEX0000005	Lung	SAMPLE-Lung-0008	11	18	29.0
HsaEX0000005	Lung	SAMPLE-Lung-0009	10	15	65.4
HsaEX0000005	Lung	SAMPLE-Lung-0010	86	240	83.3
HsaEX0000005	Lung	SAMPLE-Lung-0011	57	290	21.8
HsaEX0000005	Lung	SAMPLE-Lung-0012	56	95	68.1
HsaEX0000005	Lung	SAMPLE-Lung-0013	75	180	80.3
HsaEX0000005	Lung	SAMPLE-Lung-0014	49	184	24.9
HsaEX0000005	Lung	SAMPLE-Lung-0015	81	215	27.2
HsaEX0000005	Lung	SAMPLE-Lung-0016	120	241	65.0
HsaEX0000005	Lung	SAMPLE-Lung-0017	68	156	62.1
HsaEX0000005	Lung	SAMPLE-Lung-0018	118	216	24.5
HsaEX0000005	Lung	SAMPLE-Lung-0019	49	181	74.2
HsaEX0000005	Heart - Left Ventricle	SAMPLE-Heart-LeftVentricle-0000	22	77	42.4
HsaEX0000005	Heart - Left Ventricle	SAMPLE-Heart-LeftVentricle-0001	54	99	53.7
HsaEX0000005	Heart - Left Ventricle	SAMPLE-Heart-LeftVentricle-0002	23	125	39.0
HsaEX0000005	Heart - Left Ventricle	SAMPLE-Heart-LeftVentricle-0003	115	275	71.9
HsaEX0000005	Heart - Left Ventricle	SAMPLE-Heart-LeftVentricle-0004	77	174	52.4
HsaEX0000005	Heart - Left Ventricle	SAMPLE-Heart-LeftVentricle-0005	134	262	80.2
HsaEX0000005	Heart - Left Ventricle	SAMPLE-Heart-LeftVentricle-0006	48	83	60.5
HsaEX0000005	Heart - Left Ventricle	SAMPLE-Heart-LeftVentricle-0007	33	75	53.4
HsaEX0000005	Heart - Left Ventricle	SAMPLE-Heart-LeftVentricle-0008	38	68	66.2
HsaEX0000005	Heart - Left Ventricle	SAMPLE-Heart-LeftVentricle-0009	6	40	52.8
HsaEX0000005	Heart - Left Ventricle	SAMPLE-Heart-LeftVentricle-0010	15	42	78.8
HsaEX0000005	Heart - Left Ventricle	SAMPLE-Heart-LeftVentricle-0011	118	246	32.0
HsaEX0000005	Heart - Left Ventricle	SAMPLE-Heart-LeftVentricle-0012	134	230	83.3
HsaEX0000005	Heart - Left Ventricle	SAMPLE-Heart-LeftVentricle-0013	59	102	72.8
HsaEX0000005	Heart - Left Ventricle	SAMPLE-Heart-LeftVentricle-0014	174	291	75.9
HsaEX0000005	Heart - Left Ventricle	SAMPLE-Heart-LeftVentricle-0015	32	120	51.4
HsaEX0000005	Heart - Left Ventricle	SAMPLE-Heart-LeftVentricle-0016	2	10	74.4
HsaEX0000005	Heart - Left Ventricle	SAMPLE-Heart-LeftVentricle-0017	18	59	39.9
HsaEX0000005	Heart - Left Ventricle	SAMPLE-Heart-LeftVentricle-0018	92	190	69.5
HsaEX0000005	Heart - Left Ventricle	SAMPLE-Heart-LeftVentricle-0019	4	36	29.1
HsaEX0000005	Liver	SAMPLE-Liver-0000	73	173	48.5
HsaEX0000005	Liver	SAMPLE-Liver-0001	105	215	67.7
HsaEX0000005	Liver	SAMPLE-Liver-0002	44	144	76.4
HsaEX0000005	Liver	SAMPLE-Liver-0003	28	64	69.3
HsaEX0000005	Liver	SAMPLE-Liver-0004	22	55	84.5
HsaEX0000005	Liver	SAMPLE-Liver-0005	135	227	69.0
HsaEX0000005	Liver	SAMPLE-Liver-0006	63	133	75.4
HsaEX0000005	Liver	SAMPLE-Liver-0007	100	239	74.1
HsaEX0000005	Liver	SAMPLE-Liver-0008	43	244	67.5
HsaEX0000005	Liver	SAMPLE-Liver-0009	85	229	72.1
HsaEX0000005	Liver	SAMPLE-Liver-0010	121	249	80.8
HsaEX0000005	Liver	SAMPLE-Liver-0011	37	54	50.9
HsaEX0000005	Liver	SAMPLE-Liver-0012	10	24	61.5
HsaEX0000005	Liver	SAMPLE-Liver-0013	22	55	53.5
HsaEX0000005	Liver	SAMPLE-Liver-0014	50	297	75.3
HsaEX0000005	Liver	SAMPLE-Liver-0015	75	134	48.0
HsaEX0000005	Liver	SAMPLE-Liver-0016	46	132	73.3
HsaEX0000005	Liver	SAMPLE-Liver-0017	73	190	72.0
HsaEX0000005	Liver	SAMPLE-Liver-0018	58	118	82.5
HsaEX0000005	Liver	SAMPLE-Liver-0019	84	222	36.2
HsaEX0000006	Brain - Cortex	SAMPLE-Brain-Cortex-0000	86	177	56.6
HsaEX0000006	Brain - Cortex	SAMPLE-Brain-Cortex-0001	115	296	36.7
HsaEX0000006	Brain - Cortex	SAMPLE-Brain-Cortex-0002	102	223	60.3
HsaEX0000006	Brain - Cortex	SAMPLE-Brain-Cortex-0003	156	244	50.4
HsaEX0000006	Brain - Cortex	SAMPLE-Brain-Cortex-0004	198	277	44.1
HsaEX0000006	Brain - Cortex	SAMPLE-Brain-Cortex-0005	96	168	33.2
HsaEX0000006	Brain - Cortex	SAMPLE-Brain-Cortex-0006	101	199	27.2
HsaEX0000006	Brain - Cortex	SAMPLE-Brain-Cortex-0007	87	164	27.8
HsaEX0000006	Brain - Cortex	SAMPLE-Brain-Cortex-0008	56	103	84.9
HsaEX0000006	Brain - Cortex	SAMPLE-Brain-Cortex-0009	143	186	46.8
HsaEX0000006	Brain - Cortex	SAMPLE-Brain-Cortex-0010	76	108	20.1
HsaEX0000006	Brain - Cortex	SAMPLE-Brain-Cortex-0011	43	101	81.9
HsaEX0000006	Brain - Cortex	SAMPLE-Brain-Cortex-0012	159	217	21.3
HsaEX0000006	Brain - Cortex	SAMPLE-Brain-Cortex-0013	50	67	47.2
HsaEX0000006	Brain - Cortex	SAMPLE-Brain-Cortex-0014	18	48	66.6
HsaEX0000006	Brain - Cortex	SAMPLE-Brain-Cortex-0015	78	145	79.4
HsaEX0000006	Brain - Cortex	SAMPLE-Brain-Cortex-0016	17	48	66.3
HsaEX0000006	Brain - Cortex	SAMPLE-Brain-Cortex-0017	28	62	50.1
HsaEX0000006	Brain - Cortex	SAMPLE-Brain-Cortex-0018	63	169	83.3
HsaEX0000006	Brain - Cortex	SAMPLE-Brain-Cortex-0019	12	22	22.6
HsaEX0000006	Lung	SAMPLE-Lung-0000	83	109	63.1
HsaEX0000006	Lung	SAMPLE-Lung-0001	55	86	51.2
HsaEX0000006	Lung	SAMPLE-Lung-0002	32	70	78.8
HsaEX0000006	Lung	SAMPLE-Lung-0003	21	44	53.2
HsaEX0000006	Lung	SAMPLE-Lung-0004	73	136	43.1
HsaEX0000006	Lung	SAMPLE-Lung-0005	122	198	61.6
HsaEX0000006	Lung	SAMPLE-Lung-0006	139	204	55.5
HsaEX0000006	Lung	SAMPLE-Lung-0007	28	61	28.1
HsaEX0000006	Lung	SAMPLE-Lung-0008	72	180	45.5
HsaEX0000006	Lung	SAMPLE-Lung-0009	136	201	40.4
HsaEX0000006	Lung	SAMPLE-Lung-0010	139	261	75.0
HsaEX0000006	Lung	SAMPLE-Lung-0011	75	180	44.6
HsaEX0000006	Lung	SAMPLE-Lung-0012	117	236	73.4
HsaEX0000006	Lung	SAMPLE-Lung-0013	102	191	48.8
HsaEX0000006	Lung	SAMPLE-Lung-0014	88	158	69.0
HsaEX0000006	Lung	SAMPLE-Lung-0015	64	147	28.8
HsaEX0000006	Lung	SAMPLE-Lung-0016	12	20	80.1
HsaEX0000006	Lung	SAMPLE-Lung-0017	23	30	51.2
HsaEX0000006	Lung	SAMPLE-Lung-0018	92	125	36.9
HsaEX0000006	Lung	SAMPLE-Lung-0019	65	165	35.7
HsaEX0000006	Heart - Left Ventricle	SAMPLE-Heart-LeftVentricle-0000	24	37	51.5
HsaEX0000006	Heart - Left Ventricle	SAMPLE-Heart-LeftVentricle-0001	120	188	79.7
HsaEX0000006	Heart - Left Ventricle	SAMPLE-Heart-LeftVentricle-0002	22	34	72.4
HsaEX0000006	Heart - Left Ventricle	SAMPLE-Heart-LeftVentricle-0003	35	63	26.8
HsaEX0000006	Heart - Left Ventricle	SAMPLE-Heart-LeftVentricle-0004	129	216	28.7
HsaEX0000006	Heart - Left Ventricle	SAMPLE-Heart-LeftVentricle-0005	100	184	24.5
HsaEX0000006	Heart - Left Ventricle	SAMPLE-Heart-LeftVentricle-0006	132	191	52.1
HsaEX0000006	Heart - Left Ventricle	SAMPLE-Heart-LeftVentricle-0007	79	200	25.3
HsaEX0000006	Heart - Left Ventricle	SAMPLE-Heart-LeftVentricle-0008	26	54	67.0
HsaEX0000006	Heart - Left Ventricle	SAMPLE-Heart-LeftVentricle-0009	40	64	55.9
HsaEX0000006	Heart - Left Ventricle	SAMPLE-Heart-LeftVentricle-0010	69	158	74.3
HsaEX0000006	Heart - Left Ventricle	SAMPLE-Heart-LeftVentricle-0011	171	246	38.2
HsaEX0000006	Heart - Left Ventricle	SAMPLE-Heart-LeftVentricle-0012	28	47	53.7
HsaEX0000006	Heart - Left Ventricle	SAMPLE-Heart-LeftVentricle-0013	131	188	27.6
HsaEX0000006	Heart - Left Ventricle	SAMPLE-Heart-LeftVentricle-0014	108	160	77.5
HsaEX0000006	Heart - Left Ventricle	SAMPLE-Heart-LeftVentricle-0015	120	244	31.4
HsaEX0000006	Heart - Left Ventricle	SAMPLE-Heart-LeftVentricle-0016	112	237	26.7
HsaEX0000006	Heart - Left Ventricle	SAMPLE-Heart-LeftVentricle-0017	112	247	33.3
HsaEX0000006	Heart - Left Ventricle	SAMPLE-Heart-LeftVentricle-0018	61	103	72.4
HsaEX0000006	Heart - Left Ventricle	SAMPLE-Heart-LeftVentricle-0019	18	27	26.9
HsaEX0000006	Liver	SAMPLE-Liver-0000	148	298	67.5
HsaEX0000006	Liver	SAMPLE-Liver-0001	160	225	81.7
HsaEX0000006	Liver	SAMPLE-Liver-0002	116	221	69.8
HsaEX0000006	Liver	SAMPLE-Liver-0003	24	66	77.0
HsaEX0000006	Liver	SAMPLE-Liver-0004	24	52	53.8
HsaEX0000006	Liver	SAMPLE-Liver-0005	82	178	74.1
HsaEX0000006	Liver	SAMPLE-Liver-0006	126	183	31.9
HsaEX0000006	Liver	SAMPLE-Liver-0007	37	89	24.4
HsaEX0000006	Liver	SAMPLE-Liver-0008	55	94	62.6
HsaEX0000006	Liver	SAMPLE-Liver-0009	9	10	23.4
HsaEX0000006	Liver	SAMPLE-Liver-0010	198	288	78.0
HsaEX0000006	Liver	SAMPLE-Liver-0011	59	99	65.0
HsaEX0000006	Liver	SAMPLE-Liver-0012	91	153	81.9
HsaEX0000006	Liver	SAMPLE-Liver-0013	99	151	40.4
HsaEX0000006	Liver	SAMPLE-Liver-0014	78	113	51.6
HsaEX0000006	Liver	SAMPLE-Liver-0015	46	104	68.2
HsaEX0000006	Liver	SAMPLE-Liver-0016	61	132	35.8
HsaEX0000006	Liver	SAMPLE-Liver-0017	156	291	55.2
HsaEX0000006	Liver	SAMPLE-Liver-0018	35	71	62.9
HsaEX0000006	Liver	SAMPLE-Liver-0019	165	298	83.6
HsaEX0000007	Brain - Cortex	SAMPLE-Brain-Cortex-0000	36	155	27.4
HsaEX0000007	Brain - Cortex	SAMPLE-Brain-Cortex-0001	91	155	39.5
HsaEX0000007	Brain - Cortex	SAMPLE-Brain-Cortex-0002	29	73	48.0
HsaEX0000007	Brain - Cortex	SAMPLE-Brain-Cortex-0003	17	30	39.4
HsaEX0000007	Brain - Cortex	SAMPLE-Brain-Cortex-0004	116	299	69.6
HsaEX0000007	Brain - Cortex	SAMPLE-Brain-Cortex-0005	22	80	35.9
HsaEX0000007	Brain - Cortex	SAMPLE-Brain-Cortex-0006	100	214	25.5
HsaEX0000007	Brain - Cortex	SAMPLE-Brain-Cortex-0007	61	115	46.9
HsaEX0000007	Brain - Cortex	SAMPLE-Brain-Cortex-0008	97	291	70.3
HsaEX0000007	Brain - Cortex	SAMPLE-Brain-Cortex-0009	117	221	75.3
HsaEX0000007	Brain - Cortex	SAMPLE-Brain-Cortex-0010	116	226	67.7
HsaEX0000007	Brain - Cortex	SAMPLE-Brain-Cortex-0011	24	103	56.3
HsaEX0000007	Brain - Cortex	SAMPLE-Brain-Cortex-0012	38	148	67.1
HsaEX0000007	Brain - Cortex	SAMPLE-Brain-Cortex-0013	82	169	64.3
HsaEX0000007	Brain - Cortex	SAMPLE-Brain-Cortex-0014	88	190	35.2
HsaEX0000007	Brain - Cortex	SAMPLE-Brain-Cortex-0015	64	104	55.8
HsaEX0000007	Brain - Cortex	SAMPLE-Brain-Cortex-0016	84	175	70.1
HsaEX0000007	Brain - Cortex	SAMPLE-Brain-Cortex-0017	101	298	40.6
HsaEX0000007	Brain - Cortex	SAMPLE-Brain-Cortex-0018	31	93	62.5
HsaEX0000007	Brain - Cortex	SAMPLE-Brain-Cortex-0019	95	208	51.3
HsaEX0000007	Lung	SAMPLE-Lung-0000	19	58	28.6
HsaEX0000007	Lung	SAMPLE-Lung-0001	41	148	25.0
HsaEX0000007	Lung	SAMPLE-Lung-0002	79	146	76.9
HsaEX0000007	Lung	SAMPLE-Lung-0003	113	240	81.4
HsaEX0000007	Lung	SAMPLE-Lung-0004	177	290	23.0
HsaEX0000007	Lung	SAMPLE-Lung-0005	127	187	69.4
HsaEX0000007	Lung	SAMPLE-Lung-0006	37	110	67.9
HsaEX0000007	Lung	SAMPLE-Lung-0007	30	48	84.8
HsaEX0000007	Lung	SAMPLE-Lung-0008	141	276	42.6
HsaEX0000007	Lung	SAMPLE-Lung-0009	28	67	38.6
HsaEX0000007	Lung	SAMPLE-Lung-0010	114	223	49.5
HsaEX0000007	Lung	SAMPLE-Lung-0011	33	72	75.7
HsaEX0000007	Lung	SAMPLE-Lung-0012	21	49	67.4
HsaEX0000007	Lung	SAMPLE-Lung-0013	124	208	50.7
HsaEX0000007	Lung	SAMPLE-Lung-0014	26	55	35.9
HsaEX0000007	Lung	SAMPLE-Lung-0015	26	70	67.3
HsaEX0000007	Lung	SAMPLE-Lung-0016	129	260	75.5
HsaEX0000007	Lung	SAMPLE-Lung-0017	63	157	46.0
HsaEX0000007	Lung	SAMPLE-Lung-0018	107	292	63.5
HsaEX0000007	Lung	SAMPLE-Lung-0019	94	130	46.0
HsaEX0000007	Heart - Left Ventricle	SAMPLE-Heart-LeftVentricle-0000	41	183	29.0
HsaEX0000007	Heart - Left Ventricle	SAMPLE-Heart-LeftVentricle-0001	30	95	62.6
HsaEX0000007	Heart - Left Ventricle	SAMPLE-Heart-LeftVentricle-0002	58	103	28.9
HsaEX0000007	Heart - Left Ventricle	SAMPLE-Heart-LeftVentricle-0003	50	122	70.4
HsaEX0000007	Heart - Left Ventricle	SAMPLE-Heart-LeftVentricle-0004	114	161	33.1
HsaEX0000007	Heart - Left Ventricle	SAMPLE-Heart-LeftVentricle-0005	43	87	67.5
HsaEX0000007	Heart - Left Ventricle	SAMPLE-Heart-LeftVentricle-0006	102	241	72.4
HsaEX0000007	Heart - Left Ventricle	SAMPLE-Heart-LeftVentricle-0007	20	44	28.1
HsaEX0000007	Heart - Left Ventricle	SAMPLE-Heart-LeftVentricle-0008	175	256	25.6
HsaEX0000007	Heart - Left Ventricle	SAMPLE-Heart-LeftVentricle-0009	18	72	81.7
HsaEX0000007	Heart - Left Ventricle	SAMPLE-Heart-LeftVentricle-0010	41	125	50.1
HsaEX0000007	Heart - Left Ventricle	SAMPLE-Heart-LeftVentricle-0011	77	258	61.0
HsaEX0000007	Heart - Left Ventricle	SAMPLE-Heart-LeftVentricle-0012	110	264	21.5
HsaEX0000007	Heart - Left Ventricle	SAMPLE-Heart-LeftVentricle-0013	164	294	38.1
HsaEX0000007	Heart - Left Ventricle	SAMPLE-Heart-LeftVentricle-0014	10	13	52.9
HsaEX0000007	Heart - Left Ventricle	SAMPLE-Heart-LeftVentricle-0015	76	117	77.6
HsaEX0000007	Heart - Left Ventricle	SAMPLE-Heart-LeftVentricle-0016	126	232	37.6
HsaEX0000007	Heart - Left Ventricle	SAMPLE-Heart-LeftVentricle-0017	104	245	70.4
HsaEX0000007	Heart - Left Ventricle	SAMPLE-Heart-LeftVentricle-0018	62	109	63.0
HsaEX0000007	Heart - Left Ventricle	SAMPLE-Heart-LeftVentricle-0019	154	257	27.5
HsaEX0000007	Liver	SAMPLE-Liver-0000	120	238	70.3
HsaEX0000007	Liver	SAMPLE-Liver-0001	46	136	62.3
HsaEX0000007	Liver	SAMPLE-Liver-0002	119	285	65.6
HsaEX0000007	Liver	SAMPLE-Liver-0003	119	231	46.2
HsaEX0000007	Liver	SAMPLE-Liver-0004	97	151	35.3
HsaEX0000007	Liver	SAMPLE-Liver-0005	88	171	54.6
HsaEX0000007	Liver	SAMPLE-Liver-0006	8	22	33.3
HsaEX0000007	Liver	SAMPLE-Liver-0007	38	113	67.2
HsaEX0000007	Liver	SAMPLE-Liver-0008	83	275	32.8
HsaEX0000007	Liver	SAMPLE-Liver-0009	66	218	38.9
HsaEX0000007	Liver	SAMPLE-Liver-0010	19	43	52.9
HsaEX0000007	Liver	SAMPLE-Liver-0011	110	298	51.6
HsaEX0000007	Liver	SAMPLE-Liver-0012	151	259	59.1
HsaEX0000007	Liver	SAMPLE-Liver-0013	20	57	48.4
HsaEX0000007	Liver	SAMPLE-Liver-0014	11	40	79.8
HsaEX0000007	Liver	SAMPLE-Liver-0015	59	135	74.6
HsaEX0000007	Liver	SAMPLE-Liver-0016	51	114	77.1
HsaEX0000007	Liver	SAMPLE-Liver-0017	46	263	60.9
HsaEX0000007	Liver	SAMPLE-Liver-0018	108	162	61.3
HsaEX0000007	Liver	SAMPLE-Liver-0019	123	180	59.6
HsaEX0000008	Brain - Cortex	SAMPLE-Brain-Cortex-0000	30	87	20.3
HsaEX0000008	Brain - Cortex	SAMPLE-Brain-Cortex-0001	55	109	52.8
HsaEX0000008	Brain - Cortex	SAMPLE-Brain-Cortex-0002	110	270	54.3
HsaEX0000008	Brain - Cortex	SAMPLE-Brain-Cortex-0003	84	140	62.8
HsaEX0000008	Brain - Cortex	SAMPLE-Brain-Cortex-0004	87	136	45.0
HsaEX0000008	Brain - Cortex	SAMPLE-Brain-Cortex-0005	12	39	20.2
HsaEX0000008	Brain - Cortex	SAMPLE-Brain-Cortex-0006	115	182	63.8
HsaEX0000008	Brain - Cortex	SAMPLE-Brain-Cortex-0007	94	191	23.5
HsaEX0000008	Brain - Cortex	SAMPLE-Brain-Cortex-0008	132	169	76.3
HsaEX0000008	Brain - Cortex	SAMPLE-Brain-Cortex-0009	12	39	21.5
HsaEX0000008	Brain - Cortex	SAMPLE-Brain-Cortex-0010	86	126	54.5
HsaEX0000008	Brain - Cortex	SAMPLE-Brain-Cortex-0011	41	54	78.2
HsaEX0000008	Brain - Cortex	SAMPLE-Brain-Cortex-0012	71	129	57.2
HsaEX0000008	Brain - Cortex	SAMPLE-Brain-Cortex-0013	46	120	59.5
HsaEX0000008	Brain - Cortex	SAMPLE-Brain-Cortex-0014	50	155	64.3
HsaEX0000008	Brain - Cortex	SAMPLE-Brain-Cortex-0015	114	186	28.0
HsaEX0000008	Brain - Cortex	SAMPLE-Brain-Cortex-0016	14	20	63.9
HsaEX0000008	Brain - Cortex	SAMPLE-Brain-Cortex-0017	268	299	77.2
HsaEX0000008	Brain - Cortex	SAMPLE-Brain-Cortex-0018	19	20	83.3
HsaEX0000008	Brain - Cortex	SAMPLE-Brain-Cortex-0019	65	127	48.8
HsaEX0000008	Lung	SAMPLE-Lung-0000	74	163	36.0
HsaEX0000008	Lung	SAMPLE-Lung-0001	76	200	30.5
HsaEX0000008	Lung	SAMPLE-Lung-0002	42	133	43.3
HsaEX0000008	Lung	SAMPLE-Lung-0003	173	286	70.4
HsaEX0000008	Lung	SAMPLE-Lung-0004	50	56	65.2
HsaEX0000008	Lung	SAMPLE-Lung-0005	28	72	63.3
HsaEX0000008	Lung	SAMPLE-Lung-0006	75	93	73.9
HsaEX0000008	Lung	SAMPLE-Lung-0007	81	279	38.0
HsaEX0000008	Lung	SAMPLE-Lung-0008	42	85	42.1
HsaEX0000008	Lung	SAMPLE-Lung-0009	18	68	22.8
HsaEX0000008	Lung	SAMPLE-Lung-0010	128	182	76.5
HsaEX0000008	Lung	SAMPLE-Lung-0011	38	64	57.9
HsaEX0000008	Lung	SAMPLE-Lung-0012	15	48	39.4
HsaEX0000008	Lung	SAMPLE-Lung-0013	120	197	24.5
HsaEX0000008	Lung	SAMPLE-Lung-0014	93	148	67.0
HsaEX0000008	Lung	SAMPLE-Lung-0015	37	69	68.7
HsaEX0000008	Lung	SAMPLE-Lung-0016	163	269	63.3
HsaEX0000008	Lung	SAMPLE-Lung-0017	23	60	33.2
HsaEX0000008	Lung	SAMPLE-Lung-0018	70	102	79.4
HsaEX0000008	Lung	SAMPLE-Lung-0019	110	244	69.0
HsaEX0000008	Heart - Left Ventricle	SAMPLE-Heart-LeftVentricle-0000	83	194	20.0
HsaEX0000008	Heart - Left Ventricle	SAMPLE-Heart-LeftVentricle-0001	69	156	42.8
HsaEX0000008	Heart - Left Ventricle	SAMPLE-Heart-LeftVentricle-0002	108	138	43.8
HsaEX0000008	Heart - Left Ventricle	SAMPLE-Heart-LeftVentricle-0003	36	52	77.4
HsaEX0000008	Heart - Left Ventricle	SAMPLE-Heart-LeftVentricle-0004	129	147	79.3
HsaEX0000008	Heart - Left Ventricle	SAMPLE-Heart-LeftVentricle-0005	205	254	77.2
HsaEX0000008	Heart - Left Ventricle	SAMPLE-Heart-LeftVentricle-0006	42	136	29.3
HsaEX0000008	Heart - Left Ventricle	SAMPLE-Heart-LeftVentricle-0007	110	183	46.8
HsaEX0000008	Heart - Left Ventricle	SAMPLE-Heart-LeftVentricle-0008	41	110	68.5
HsaEX0000008	Heart - Left Ventricle	SAMPLE-Heart-LeftVentricle-0009	116	204	40.3
HsaEX0000008	Heart - Left Ventricle	SAMPLE-Heart-LeftVentricle-0010	135	245	63.1
HsaEX0000008	Heart - Left Ventricle	SAMPLE-Heart-LeftVentricle-0011	5	15	35.4
HsaEX0000008	Heart - Left Ventricle	SAMPLE-Heart-LeftVentricle-0012	8	30	41.0
HsaEX0000008	Heart - Left Ventricle	SAMPLE-Heart-LeftVentricle-0013	68	95	75.9
HsaEX0000008	Heart - Left Ventricle	SAMPLE-Heart-LeftVentricle-0014	32	62	36.3
HsaEX0000008	Heart - Left Ventricle	SAMPLE-Heart-LeftVentricle-0015	96	176	82.7
HsaEX0000008	Heart - Left Ventricle	SAMPLE-Heart-LeftVentricle-0016	23	34	39.9
HsaEX0000008	Heart - Left Ventricle	SAMPLE-Heart-LeftVentricle-0017	53	252	21.5
HsaEX0000008	Heart - Left Ventricle	SAMPLE-Heart-LeftVentricle-0018	116	196	36.6
HsaEX0000008	Heart - Left Ventricle	SAMPLE-Heart-LeftVentricle-0019	47	98	31.1
HsaEX0000008	Liver	SAMPLE-Liver-0000	12	23	60.5
HsaEX0000008	Liver	SAMPLE-Liver-0001	22	70	34.8
HsaEX0000008	Liver	SAMPLE-Liver-0002	112	190	57.7
HsaEX0000008	Liver	SAMPLE-Liver-0003	100	272	25.3
HsaEX0000008	Liver	SAMPLE-Liver-0004	149	289	48.2
HsaEX0000008	Liver	SAMPLE-Liver-0005	123	233	31.9
HsaEX0000008	Liver	SAMPLE-Liver-0006	225	288	77.4
HsaEX0000008	Liver	SAMPLE-Liver-0007	132	229	48.9
HsaEX0000008	Liver	SAMPLE-Liver-0008	120	159	58.4
HsaEX0000008	Liver	SAMPLE-Liver-0009	113	249	43.4
HsaEX0000008	Liver	SAMPLE-Liver-0010	62	100	38.8
HsaEX0000008	Liver	SAMPLE-Liver-0011	49	96	33.2
HsaEX0000008	Liver	SAMPLE-Liver-0012	6	10	79.3
HsaEX0000008	Liver	SAMPLE-Liver-0013	42	63	72.0
HsaEX0000008	Liver	SAMPLE-Liver-0014	35	227	28.7
HsaEX0000008	Liver	SAMPLE-Liver-0015	98	153	68.5
HsaEX0000008	Liver	SAMPLE-Liver-0016	69	103	47.2
HsaEX0000008	Liver	SAMPLE-Liver-0017	51	74	21.0
HsaEX0000008	Liver	SAMPLE-Liver-0018	191	299	54.3
HsaEX0000008	Liver	SAMPLE-Liver-0019	52	144	28.5
HsaEX0000009	Brain - Cortex	SAMPLE-Brain-Cortex-0000	137	267	33.1
HsaEX0000009	Brain - Cortex	SAMPLE-Brain-Cortex-0001	65	158	42.8
HsaEX0000009	Brain - Cortex	SAMPLE-Brain-Cortex-0002	30	207	46.7
HsaEX0000009	Brain - Cortex	SAMPLE-Brain-Cortex-0003	63	298	65.2
HsaEX0000009	Brain - Cortex	SAMPLE-Brain-Cortex-0004	37	211	75.0
HsaEX0000009	Brain - Cortex	SAMPLE-Brain-Cortex-0005	81	222	66.9
HsaEX0000009	Brain - Cortex	SAMPLE-Brain-Cortex-0006	72	168	31.3
HsaEX0000009	Brain - Cortex	SAMPLE-Brain-Cortex-0007	38	186	43.8
HsaEX0000009	Brain - Cortex	SAMPLE-Brain-Cortex-0008	158	288	30.3
HsaEX0000009	Brain - Cortex	SAMPLE-Brain-Cortex-0009	4	34	64.6
HsaEX0000009	Brain - Cortex	SAMPLE-Brain-Cortex-0010	117	236	36.1
HsaEX0000009	Brain - Cortex	SAMPLE-Brain-Cortex-0011	90	241	54.2
HsaEX0000009	Brain - Cortex	SAMPLE-Brain-Cortex-0012	37	197	71.5
HsaEX0000009	Brain - Cortex	SAMPLE-Brain-Cortex-0013	73	241	63.6
HsaEX0000009	Brain - Cortex	SAMPLE-Brain-Cortex-0014	85	195	39.4
HsaEX0000009	Brain - Cortex	SAMPLE-Brain-Cortex-0015	19	81	41.6
HsaEX0000009	Brain - Cortex	SAMPLE-Brain-Cortex-0016	17	118	62.5
HsaEX0000009	Brain - Cortex	SAMPLE-Brain-Cortex-0017	62	246	55.7
HsaEX0000009	Brain - Cortex	SAMPLE-Brain-Cortex-0018	38	71	26.3
HsaEX0000009	Brain - Cortex	SAMPLE-Brain-Cortex-0019	2	195	76.8
HsaEX0000009	Lung	SAMPLE-Lung-0000	85	286	71.9
HsaEX0000009	Lung	SAMPLE-Lung-0001	64	150	45.1
HsaEX0000009	Lung	SAMPLE-Lung-0002	114	182	23.0
HsaEX0000009	Lung	SAMPLE-Lung-0003	29	175	54.8
HsaEX0000009	Lung	SAMPLE-Lung-0004	113	214	84.7
HsaEX0000009	Lung	SAMPLE-Lung-0005	17	285	83.0
HsaEX0000009	Lung	SAMPLE-Lung-0006	105	224	34.4
HsaEX0000009	Lung	SAMPLE-Lung-0007	35	73	69.1
HsaEX0000009	Lung	SAMPLE-Lung-0008	38	115	42.4
HsaEX0000009	Lung	SAMPLE-Lung-0009	15	21	30.4
HsaEX0000009	Lung	SAMPLE-Lung-0010	66	181	63.3
HsaEX0000009	Lung	SAMPLE-Lung-0011	16	49	52.6
HsaEX0000009	Lung	SAMPLE-Lung-0012	28	60	55.0
HsaEX0000009	Lung	SAMPLE-Lung-0013	3	19	73.8
HsaEX0000009	Lung	SAMPLE-Lung-0014	6	24	41.9
HsaEX0000009	Lung	SAMPLE-Lung-0015	43	188	63.4
HsaEX0000009	Lung	SAMPLE-Lung-0016	79	281	43.8
HsaEX0000009	Lung	SAMPLE-Lung-0017	76	184	22.8
HsaEX0000009	Lung	SAMPLE-Lung-0018	2	48	44.6
HsaEX0000009	Lung	SAMPLE-Lung-0019	23	209	81.8
HsaEX0000009	Heart - Left Ventricle	SAMPLE-Heart-LeftVentricle-0000	34	70	36.0
HsaEX0000009	Heart - Left Ventricle	SAMPLE-Heart-LeftVentricle-0001	23	38	82.2
HsaEX0000009	Heart - Left Ventricle	SAMPLE-Heart-LeftVentricle-0002	4	12	32.4
HsaEX0000009	Heart - Left Ventricle	SAMPLE-Heart-LeftVentricle-0003	34	212	31.9
HsaEX0000009	Heart - Left Ventricle	SAMPLE-Heart-LeftVentricle-0004	93	292	48.9
HsaEX0000009	Heart - Left Ventricle	SAMPLE-Heart-LeftVentricle-0005	66	163	32.3
HsaEX0000009	Heart - Left Ventricle	SAMPLE-Heart-LeftVentricle-0006	49	147	30.2
HsaEX0000009	Heart - Left Ventricle	SAMPLE-Heart-LeftVentricle-0007	93	238	26.2
HsaEX0000009	Heart - Left Ventricle	SAMPLE-Heart-LeftVentricle-0008	25	152	61.6
HsaEX0000009	Heart - Left Ventricle	SAMPLE-Heart-LeftVentricle-0009	93	227	59.8
HsaEX0000009	Heart - Left Ventricle	SAMPLE-Heart-LeftVentricle-0010	3	23	62.3
HsaEX0000009	Heart - Left Ventricle	SAMPLE-Heart-LeftVentricle-0011	4	52	70.3
HsaEX0000009	Heart - Left Ventricle	SAMPLE-Heart-LeftVentricle-0012	33	137	41.2
HsaEX0000009	Heart - Left Ventricle	SAMPLE-Heart-LeftVentricle-0013	9	112	79.7
HsaEX0000009	Heart - Left Ventricle	SAMPLE-Heart-LeftVentricle-0014	26	112	67.7
HsaEX0000009	Heart - Left Ventricle	SAMPLE-Heart-LeftVentricle-0015	37	188	72.3
HsaEX0000009	Heart - Left Ventricle	SAMPLE-Heart-LeftVentricle-0016	11	37	66.9
HsaEX0000009	Heart - Left Ventricle	SAMPLE-Heart-LeftVentricle-0017	80	266	43.3
HsaEX0000009	Heart - Left Ventricle	SAMPLE-Heart-LeftVentricle-0018	80	188	38.4
HsaEX0000009	Heart - Left Ventricle	SAMPLE-Heart-LeftVentricle-0019	58	182	47.5
HsaEX0000009	Liver	SAMPLE-Liver-0000	0	12	71.7
HsaEX0000009	Liver	SAMPLE-Liver-0001	15	156	72.3
HsaEX0000009	Liver	SAMPLE-Liver-0002	133	256	61.9
HsaEX0000009	Liver	SAMPLE-Liver-0003	123	255	38.1
HsaEX0000009	Liver	SAMPLE-Liver-0004	84	264	82.7
HsaEX0000009	Liver	SAMPLE-Liver-0005	92	194	33.3
HsaEX0000009	Liver	SAMPLE-Liver-0006	59	174	52.5
HsaEX0000009	Liver	SAMPLE-Liver-0007	52	110	53.9
HsaEX0000009	Liver	SAMPLE-Liver-0008	78	196	30.5
HsaEX0000009	Liver	SAMPLE-Liver-0009	7	69	67.0
HsaEX0000009	Liver	SAMPLE-Liver-0010	74	169	25.8
HsaEX0000009	Liver	SAMPLE-Liver-0011	10	191	65.1
HsaEX0000009	Liver	SAMPLE-Liver-0012	9	33	75.2
HsaEX0000009	Liver	SAMPLE-Liver-0013	70	162	42.7
HsaEX0000009	Liver	SAMPLE-Liver-0014	97	279	66.1
HsaEX0000009	Liver	SAMPLE-Liver-0015	22	55	30.2
HsaEX0000009	Liver	SAMPLE-Liver-0016	23	77	75.0
HsaEX0000009	Liver	SAMPLE-Liver-0017	27	124	81.9
HsaEX0000009	Liver	SAMPLE-Liver-0018	125	262	29.9
HsaEX0000009	Liver	SAMPLE-Liver-0019	55	257	65.0
